{"train_loss": [0.012876977822780609, 0.010336741563081741, 0.009133166626691818, 0.008270610547065734, 0.007634826711416244, 0.007121651540994645, 0.00667244166970253, 0.006325788835287094, 0.006073846172094345, 0.005794305350780487, 0.0055652378565073015, 0.005372748793959618, 0.0051998597240448, 0.005052076967358589, 0.004897821390628815, 0.004751292288899422, 0.004664043179154396, 0.004515314736366272, 0.0044378447753190995, 0.0043095470076799395, 0.004210951878428459, 0.004096146511435509, 0.003994570671319962, 0.00392819221496582, 0.003823291947841644, 0.00381129817545414, 0.0037535888177156447, 0.003654526018500328, 0.0035694419610500334, 0.0034782170340418818, 0.0034306884482502935, 0.0033235726153850557, 0.0033310118493437768, 0.003255179187953472, 0.0032006613358855247, 0.003143885066509247, 0.0030927081513404844, 0.003041181430220604, 0.003003682816326618, 0.0029375786983966827, 0.002946289967894554, 0.0028684500697255134, 0.0028316059738397598, 0.002767237013578415, 0.0027143037354946135, 0.0027055419126152994, 0.002679525419473648, 0.002632297506034374, 0.0025800585228204728, 0.0025625564274191857, 0.002481595547199249, 0.0025380692997574806, 0.0024693496906757354, 0.0024365333065390587, 0.0023902187022566794, 0.002354331957399845, 0.0023185925713181494, 0.0022945926719903946, 0.0023266992177069187, 0.002283860690444708, 0.002237484912276268, 0.002173997474908829, 0.00219238333851099, 0.0021787265518307688, 0.0021349465928971766, 0.0021391737005114556, 0.0021021578308939933, 0.0020586694616079333, 0.0020445261651277544, 0.0020209742158651353, 0.0020402809625864027, 0.0019879781664907934, 0.0019534550523757936, 0.0019475410851836205, 0.001936229537576437, 0.0019148228658735751, 0.0018944697201251984, 0.0018874698320031167, 0.0018595359784364701, 0.0018654013460874558, 0.0018386913996934892, 0.0017866088777780532, 0.0017766695477068424, 0.0017914554153382778, 0.0017601366536319255, 0.0017820305539667607, 0.0017552499754726887, 0.0017081527988612652, 0.00171532637655735, 0.0017209119927883148, 0.00165068993113935, 0.0017040907947719096, 0.0016639931382238864, 0.001665105138272047, 0.0016217510338127612, 0.0016623575884103774, 0.0016193375290930272, 0.0016121959044039249, 0.0015769166260957718, 0.0015883509507775306], "train_acc": [39.954, 52.294, 58.338, 62.402, 65.278, 67.882, 70.196, 71.61, 72.806, 73.808, 74.902, 75.646, 76.556, 77.428, 77.978, 78.758, 79.2, 79.752, 80.232, 80.67, 81.17, 81.472, 82.09, 82.254, 82.82, 83.046, 83.128, 83.514, 84.05, 84.51, 84.646, 84.932, 84.992, 85.324, 85.644, 85.78, 86.0, 86.34, 86.516, 86.606, 86.74, 87.046, 87.238, 87.474, 87.722, 87.768, 87.888, 88.116, 88.336, 88.474, 88.79, 88.404, 88.88, 88.964, 89.114, 89.264, 89.374, 89.69, 89.462, 89.58, 89.798, 90.07, 90.0, 90.206, 90.34, 90.314, 90.536, 90.486, 90.73, 90.856, 90.804, 90.868, 91.086, 91.174, 91.062, 91.126, 91.266, 91.384, 91.43, 91.53, 91.508, 91.884, 91.844, 91.79, 92.042, 91.71, 92.098, 92.178, 92.21, 92.29, 92.446, 92.294, 92.33, 92.436, 92.502, 92.268, 92.588, 92.66, 92.714, 92.582], "val_loss": [0, 0, 0, 0, 0, 0, 0, 0, 0, 0, 0, 0, 0, 0, 0, 0, 0, 0, 0, 0, 0, 0, 0, 0, 0, 0, 0, 0, 0, 0, 0, 0, 0, 0, 0, 0, 0, 0, 0, 0, 0, 0, 0, 0, 0, 0, 0, 0, 0, 0, 0, 0, 0, 0, 0, 0, 0, 0, 0, 0, 0, 0, 0, 0, 0, 0, 0, 0, 0, 0, 0, 0, 0, 0, 0, 0, 0, 0, 0, 0, 0, 0, 0, 0, 0, 0, 0, 0, 0, 0, 0, 0, 0, 0, 0, 0, 0, 0, 0, 0], "val_acc": [51.17, 59.94, 64.19, 66.56, 69.74, 70.52, 72.44, 72.42, 73.96, 75.17, 75.48, 76.81, 76.83, 77.77, 77.26, 77.91, 78.12, 78.79, 79.8, 78.73, 79.34, 80.08, 81.24, 80.62, 80.46, 81.26, 80.63, 81.04, 80.87, 81.46, 81.48, 81.12, 81.67, 81.91, 80.96, 81.31, 82.17, 82.17, 81.87, 82.2, 82.93, 82.26, 82.42, 82.42, 82.36, 82.52, 82.74, 82.65, 82.65, 82.49, 82.11, 82.5, 82.64, 82.23, 82.42, 82.45, 82.61, 82.23, 82.47, 82.23, 82.29, 82.46, 82.3, 82.57, 82.86, 82.66, 83.29, 82.5, 83.02, 83.13, 82.56, 83.18, 82.76, 83.28, 82.77, 82.86, 83.12, 82.78, 83.1, 82.21, 83.0, 82.26, 82.88, 83.1, 82.87, 82.53, 83.1, 83.4, 83.32, 82.46, 83.11, 83.25, 82.52, 82.51, 83.06, 82.9, 83.55, 82.55, 82.6, 82.96], "remaining_weights": [100.0, 99.99982922564075, 99.99965845128149, 99.99965845128149, 99.99965845128149, 99.99931690256298, 99.99914612820373, 99.99914612820373, 99.99914612820373, 99.99914612820373, 99.99914612820373, 99.99914612820373, 99.99914612820373, 99.99914612820373, 99.99914612820373, 99.99914612820373, 99.99914612820373, 99.99897535384447, 99.99897535384447, 99.99897535384447, 99.99897535384447, 99.99880457948522, 99.99897535384447, 99.99897535384447, 99.99897535384447, 99.99880457948522, 99.99880457948522, 99.99880457948522, 99.99880457948522, 99.99880457948522, 99.99880457948522, 99.99863380512596, 99.99863380512596, 99.99863380512596, 99.99880457948522, 99.99880457948522, 99.99880457948522, 99.99863380512596, 99.99880457948522, 99.99863380512596, 99.99863380512596, 99.99863380512596, 99.99863380512596, 99.99863380512596, 99.99863380512596, 99.99829225640745, 99.99829225640745, 99.99829225640745, 99.99829225640745, 99.99829225640745, 99.9981214820482, 99.9981214820482, 99.99795070768894, 99.99795070768894, 99.99795070768894, 99.99795070768894, 99.99795070768894, 99.9977799333297, 99.9981214820482, 99.9981214820482, 99.9981214820482, 99.99795070768894, 99.99795070768894, 99.99795070768894, 99.99795070768894, 99.99795070768894, 99.9977799333297, 99.99760915897043, 99.99760915897043, 99.99760915897043, 99.99760915897043, 99.99760915897043, 99.99760915897043, 99.99760915897043, 99.99760915897043, 99.99760915897043, 99.99760915897043, 99.99760915897043, 99.99743838461119, 99.99743838461119, 99.99743838461119, 99.99743838461119, 99.99743838461119, 99.99743838461119, 99.99743838461119, 99.99743838461119, 99.99726761025192, 99.99726761025192, 99.99709683589268, 99.99692606153342, 99.99675528717417, 99.99675528717417, 99.99675528717417, 99.99675528717417, 99.99675528717417, 99.99675528717417, 99.99709683589268, 99.99709683589268, 99.99709683589268, 99.99692606153342], "accuracy": [51.17, 59.94, 64.19, 66.56, 69.74, 70.52, 72.44, 72.42, 73.96, 75.17, 75.48, 76.81, 76.83, 77.77, 77.26, 77.91, 78.12, 78.79, 79.8, 78.73, 79.34, 80.08, 81.24, 80.62, 80.46, 81.26, 80.63, 81.04, 80.87, 81.46, 81.48, 81.12, 81.67, 81.91, 80.96, 81.31, 82.17, 82.17, 81.87, 82.2, 82.93, 82.26, 82.42, 82.42, 82.36, 82.52, 82.74, 82.65, 82.65, 82.49, 82.11, 82.5, 82.64, 82.23, 82.42, 82.45, 82.61, 82.23, 82.47, 82.23, 82.29, 82.46, 82.3, 82.57, 82.86, 82.66, 83.29, 82.5, 83.02, 83.13, 82.56, 83.18, 82.76, 83.28, 82.77, 82.86, 83.12, 82.78, 83.1, 82.21, 83.0, 82.26, 82.88, 83.1, 82.87, 82.53, 83.1, 83.4, 83.32, 82.46, 83.11, 83.25, 82.52, 82.51, 83.06, 82.9, 83.55, 82.55, 82.6, 82.96],